{"cameraMode":{"drawMode":0,"name":"Shaded","section":"Shading Mode"},"sceneLighting":false,"audioPlay":false,"sceneViewState":{"m_AlwaysRefresh":false,"showFog":true,"showSkybox":false,"showFlares":true,"showImageEffects":true,"showParticleSystems":true,"showVisualEffectGraphs":true,"m_FxEnabled":true},"in2DMode":false,"pivot":{"x":-54.50926208496094,"y":21.493837356567384,"z":52.74356460571289},"rotation":{"x":0.017875835299491884,"y":0.9797030687332153,"z":-0.17160192131996156,"w":0.10205616801977158},"size":1.7431327104568482,"orthographic":false}