{"cameraMode":{"drawMode":0,"name":"Shaded","section":"Shading Mode"},"sceneLighting":false,"audioPlay":false,"sceneViewState":{"m_AlwaysRefresh":false,"showFog":true,"showSkybox":false,"showFlares":true,"showImageEffects":true,"showParticleSystems":true,"showVisualEffectGraphs":true,"m_FxEnabled":true},"in2DMode":false,"pivot":{"x":-0.06854207813739777,"y":-0.169700026512146,"z":-0.6706223487854004},"rotation":{"x":-0.0076822941191494469,"y":0.9633752107620239,"z":-0.26662206649780276,"w":-0.027758119627833368},"size":1.813232660293579,"orthographic":false}