{"cameraMode":{"drawMode":0,"name":"Shaded","section":"Shading Mode"},"sceneLighting":false,"audioPlay":false,"sceneViewState":{"m_AlwaysRefresh":false,"showFog":true,"showSkybox":false,"showFlares":true,"showImageEffects":true,"showParticleSystems":true,"showVisualEffectGraphs":true,"m_FxEnabled":true},"in2DMode":false,"pivot":{"x":-3.5299999713897707,"y":4.789999961853027,"z":1.1920928955078126e-7},"rotation":{"x":0.13970673084259034,"y":-0.38672512769699099,"z":0.05939672514796257,"w":0.9096146821975708},"size":2.2085108757019045,"orthographic":false}